{
  "version": 3,
  "builds": [
    {
      "src": "frontend/package.json",
      "use": "@vercel/static-build",
      "config": {
        "distDir": "build"
      }
    },
    {
      "src": "api/**/*.js",
      "use": "@vercel/node"
    }
  ],
  "routes": [
    {
      "src": "/api/(.*)",
      "dest": "/api/$1"
    },
    {
      "src": "/(.*)",
      "dest": "/frontend/build/$1"
    }
  ],
  "outputDirectory": "frontend/build",
  "installCommand": "cd frontend && npm install",
  "buildCommand": "cd frontend && npm run build"
}